"ID","STATUS"
"a01b0000000LtkWAAS","Item Deleted"
"a01b0000000LtkXAAS","Item Deleted"
"a01b0000000LtkYAAS","Item Deleted"
"a01b0000000LtkZAAS","Item Deleted"
"a01b0000000LtkaAAC","Item Deleted"
"a01b0000000LtkbAAC","Item Deleted"
"a01b0000000LtkcAAC","Item Deleted"
"a01b0000000LtkdAAC","Item Deleted"
"a01b0000000LtkeAAC","Item Deleted"
"a01b0000000LtkfAAC","Item Deleted"
"a01b0000000LtkgAAC","Item Deleted"
"a01b0000000LtkhAAC","Item Deleted"
"a01b0000000LtkiAAC","Item Deleted"
"a01b0000000LtkjAAC","Item Deleted"
"a01b0000000LtkkAAC","Item Deleted"
"a01b0000000LtklAAC","Item Deleted"
"a01b0000000LtkmAAC","Item Deleted"
"a01b0000000LtknAAC","Item Deleted"
"a01b0000000LtkoAAC","Item Deleted"
"a01b0000000LtkpAAC","Item Deleted"
"a01b0000000LtkqAAC","Item Deleted"
"a01b0000000LtkrAAC","Item Deleted"
"a01b0000000LtksAAC","Item Deleted"
"a01b0000000LtktAAC","Item Deleted"
"a01b0000000LtkuAAC","Item Deleted"
"a01b0000000LtkvAAC","Item Deleted"
"a01b0000000LtkwAAC","Item Deleted"
"a01b0000000LtkxAAC","Item Deleted"
"a01b0000000LtkyAAC","Item Deleted"
"a01b0000000LtkzAAC","Item Deleted"
"a01b0000000Ltl0AAC","Item Deleted"
"a01b0000000Ltl1AAC","Item Deleted"
