"ID","ID","STATUS"
"a01b0000000LtDwAAK","a01b0000000LtDwAAK","Item queried and written successfully"
"a01b0000000LtDxAAK","a01b0000000LtDxAAK","Item queried and written successfully"
"a01b0000000LtDyAAK","a01b0000000LtDyAAK","Item queried and written successfully"
"a01b0000000LtDzAAK","a01b0000000LtDzAAK","Item queried and written successfully"
"a01b0000000LtE0AAK","a01b0000000LtE0AAK","Item queried and written successfully"
"a01b0000000LtE1AAK","a01b0000000LtE1AAK","Item queried and written successfully"
"a01b0000000LtE2AAK","a01b0000000LtE2AAK","Item queried and written successfully"
"a01b0000000LtE3AAK","a01b0000000LtE3AAK","Item queried and written successfully"
"a01b0000000LtE4AAK","a01b0000000LtE4AAK","Item queried and written successfully"
"a01b0000000LtE5AAK","a01b0000000LtE5AAK","Item queried and written successfully"
"a01b0000000LtE6AAK","a01b0000000LtE6AAK","Item queried and written successfully"
"a01b0000000LtE7AAK","a01b0000000LtE7AAK","Item queried and written successfully"
"a01b0000000LtE8AAK","a01b0000000LtE8AAK","Item queried and written successfully"
"a01b0000000LtE9AAK","a01b0000000LtE9AAK","Item queried and written successfully"
"a01b0000000LtEAAA0","a01b0000000LtEAAA0","Item queried and written successfully"
"a01b0000000LtEBAA0","a01b0000000LtEBAA0","Item queried and written successfully"
